{"cameraMode":{"drawMode":0,"name":"Shaded","section":"Shading Mode"},"sceneLighting":true,"audioPlay":false,"sceneViewState":{"m_AlwaysRefresh":false,"showFog":true,"showSkybox":true,"showFlares":true,"showImageEffects":true,"showParticleSystems":true,"showVisualEffectGraphs":true,"m_FxEnabled":true},"in2DMode":false,"pivot":{"x":-0.1315184235572815,"y":1.3532147407531739,"z":-0.27148741483688357},"rotation":{"x":0.7081116437911987,"y":0.0021148095838725569,"z":-0.0021204815711826088,"w":0.7060950398445129},"size":3.0745596885681154,"orthographic":true}